{"cameraMode":{"drawMode":0,"name":"Shaded","section":"Shading Mode"},"sceneLighting":false,"audioPlay":false,"sceneViewState":{"m_AlwaysRefresh":false,"showFog":true,"showSkybox":true,"showFlares":true,"showImageEffects":true,"showParticleSystems":true,"showVisualEffectGraphs":true,"m_FxEnabled":true},"in2DMode":false,"pivot":{"x":2891.417236328125,"y":210.94427490234376,"z":494.0894470214844},"rotation":{"x":0.36425310373306277,"y":0.34406012296676638,"z":-0.14730951189994813,"w":0.8527418375015259},"size":122.17642974853516,"orthographic":false}